<?xml version="1.0" encoding="UTF-8"?>
<project-private xmlns="http://www.netbeans.org/ns/project-private/1">
    <editor-bookmarks xmlns="http://www.netbeans.org/ns/editor-bookmarks/2" lastBookmarkId="0"/>
    <open-files xmlns="http://www.netbeans.org/ns/projectui-open-files/2">
        <group>
            <file>file:/home/michal/development/NetBeansProjects/MusicStore/web/WEB-INF/web.xml</file>
            <file>file:/home/michal/development/NetBeansProjects/MusicStore/src/java/com/michalgoly/util/MailUtil.java</file>
            <file>file:/home/michal/development/NetBeansProjects/MusicStore/src/java/com/michalgoly/controllers/CatalogController.java</file>
            <file>file:/home/michal/development/NetBeansProjects/MusicStore/src/conf/persistence.xml</file>
            <file>file:/home/michal/development/NetBeansProjects/MusicStore/web/WEB-INF/mail.properties</file>
            <file>file:/home/michal/development/NetBeansProjects/MusicStore/web/META-INF/context.xml</file>
            <file>file:/home/michal/development/NetBeansProjects/MusicStore/src/java/com/michalgoly/controllers/OrderController.java</file>
            <file>file:/home/michal/development/NetBeansProjects/MusicStore/web/WEB-INF/customTags.tld</file>
        </group>
    </open-files>
</project-private>
